"Taxon","category"
"Cinygmula_spp.","benthos"
"Stavsolus_spp.","benthos"
"Capniidae_gen._spp.","benthos"
"Baetidae_gen._spp.","benthos"
"Cincticostella_spp.","benthos"
"Hydropsyche_spp.","benthos"
"Cheumatopsyche_spp.","benthos"
"Stenopsyche_spp.","benthos"
"Rhithrogena_spp.","benthos"
"Isoperla_spp.","benthos"
"Ephemera_strigata","benthos"
"Chironomidae_gen._spp.","benthos"
"Drunella_sacharinensis","benthos"
"Epeorus_spp.","benthos"
"Paraleptophlebia_spp.","benthos"
"Drunella_ishiyamana","benthos"
"Siphlonurus_spp.","benthos"
"Chloroperlidae_gen._spp.","benthos"
"Drunella_trispina","benthos"
"Antocha_spp.","benthos"
"Brachycentrus_spp.","benthos"
"Ameletus_spp.","benthos"
"Teleganopsis_punctisetae","benthos"
"Amphinemura_spp.","benthos"
"Isonychia_japonica","benthos"
"Limnephilidae_gen._spp.","benthos"
"Hexatoma_spp.","benthos"
"Glossosoma_spp.","benthos"
"Apatanidae_gen._spp.","benthos"
"Simuliidae_gen._spp.","benthos"
"Dicranota_spp.","benthos"
"Ephemerella_spp.","benthos"
"Tadamus_spp.","benthos"
"Tipulidae_gen._spp.","benthos"
"Cincticostella_orientalis","benthos"
"Ecdyonurus_spp.","benthos"
"Acanthogobius_flavimanus","fish"
"Lethenteron_spp.","fish"
"Ischikauia_steenackeri","fish"
"Opsariichthys_uncirostris","fish"
"Tribolodon_spp.","fish"
"Cyprinus_carpio","fish"
"Anguilla_japonica","fish"
"Planiliza_spp.","fish"
"Sarcocheilichthys_variegatus","fish"
"Carassius_spp.","fish"
"Sardinella_zunasi","fish"
"Pseudorasbora_parva","fish"
"Zacco_platypus","fish"
"Mugil_cephalus","fish"
"Gnathopogon_elongatus","fish"
"Salangichthys_microdon","fish"
"Acanthogobius_lactipes","fish"
"Platichthys_stellatus","fish"
"Plecoglossus_altivelis","fish"
"Hyporhamphus_intermedius","fish"
"Micropterus_salmoides","fish"
"Tridentiger_brevispinis","fish"
"Oryzias_spp.","fish"
"Gymnogobius_macrognathos","fish"
"Tridentiger_obscurus","fish"
"Platycephalus_spp.","fish"
"Acanthopagrus_latus","fish"
"Squalidus_spp.","fish"
"Eutaeniichthys_gilli","fish"
"Caranx_sexfasciatus","fish"
"Engraulis_japonicus","fish"
"Lepomis_macrochirus","fish"
"Takifugu_spp.","fish"
"Salangichthys_ishikawae","fish"
"Rhodeus_ocellatus","fish"
"Hypophthalmichthys_molitrix","fish"
"Hemibarbus_spp.","fish"
"Lateolabrax_japonicus","fish"
"Nuchequula_nuchalis","fish"
"Hypomesus_nipponensis","fish"
"Misgurnus_spp.","fish"
"Acheilognathus_melanogaster","fish"
"Scomber_japonicus","fish"
"Trachurus_japonicus","fish"
"Pseudogobio_spp.","fish"
"Gymnogobius_breunigii","fish"
"Gasterosteus_spp.","fish"
"Konosirus_punctatus","fish"
"Rhinogobius_spp.","fish"
"Ictalurus_punctatus","fish"
"Channa_argus","fish"
"Dasyatis_akajei","fish"
"Gymnogobius_urotaenia","fish"
"Gymnogobius_spp.","fish"
"Eleotris_oxycephala","fish"
"Silurus_asotus","fish"
"Oncorhynchus_keta","fish"
"Tanakia_lanceolata","fish"
"Mugilogobius_abei","fish"
"Stylurus_spp.","benthos"
"Asiagomphus_spp.","benthos"
"Ecnomus_spp.","benthos"
"Dytiscidae_gen._spp.","benthos"
"Atrocalopteryx_atrata","benthos"
"Corixidae_gen._spp.","benthos"
"Sieboldius_albardae","benthos"
"Macromia_spp.","benthos"
"Deielia_phaon","benthos"
"Parioglossus_dotui","fish"
"Pseudoblennius_percoides","fish"
"Sebastes_schlegelii","fish"
"Pagrus_major","fish"
"Plotosus_lineatus","fish"
"Lateolabrax_latus","fish"
"Hippichthys_penicillus","fish"
"Planiliza_carinata","fish"
"Rhynchopelates_oxyrhynchus","fish"
"Ditrema_temminckii","fish"
"Chelidonichthys_spinosus","fish"
"Acanthopagrus_sivicolus","fish"
"Rhinogobius_nagoyae","fish"
"Rudarius_ercodes","fish"
"Chaenogobius_spp.","fish"
"Hyporhamphus_sajori","fish"
"Rhynchocypris_oxycephalus","fish"
"Odontobutis_obscura","fish"
"Rhabdosargus_sarba","fish"
"Muraenesox_spp.","fish"
"Sillago_japonica","fish"
"Glossogobius_olivaceus","fish"
"Sebastiscus_marmoratus","fish"
"Heteromycteris_japonicus","fish"
"Hexagrammos_agrammus","fish"
"Gymnogobius_petschiliensis","fish"
"Redigobius_bikolanus","fish"
"Paralichthys_olivaceus","fish"
"Cobitis_matsubarae","fish"
"Sebastes_spp.","fish"
"Oncorhynchus_masou","fish"
"Hypodytes_rubripinnis","fish"
"Gymnogobius_cylindricus","fish"
"Sicyopterus_japonicus","fish"
"Pungtungia_herzi","fish"
"Nipponocypris_temminckii","fish"
"Cottus_spp.","fish"
"Nemacheilus_barbatulus","fish"
"Oncorhynchus_mykiss","fish"
"Rhynchocypris_percnurus","fish"
"Elmidae_gen._spp.","benthos"
"Taeniopterygidae_gen._spp.","benthos"
"Baetiella_japonica","benthos"
"Gyrinidae_gen._spp.","benthos"
"Psychomyiidae_gen._spp.","benthos"
"Ceratopogonidae_gen._spp.","benthos"
"Protohermes_grandis","benthos"
"Tabanidae_gen._spp.","benthos"
"Empididae_gen._spp.","benthos"
"Kamimuria_spp.","benthos"
"Caenis_spp.","benthos"
"Acentrella_spp.","benthos"
"Salvelinus_spp.","fish"
"Pungitius_spp.","fish"
"Ceraclea_spp.","benthos"
"Lepidostoma_spp.","benthos"
"Rhyacophila_nigrocephala","benthos"
"Rhyacophila_brevicephala","benthos"
"Agapetus_spp.","benthos"
"Rhyacophila_yamanakensis","benthos"
"Arctopsyche_spp.","benthos"
"Nemoura_spp.","benthos"
"Togoperla_spp.","benthos"
"Rhyacophila_transquilla","benthos"
"Perlodes_frisonanus","benthos"
"Protonemura_spp.","benthos"
"Heptagenia_spp.","benthos"
"Neophylax_spp.","benthos"
"Davidius_spp.","benthos"
"Rhyacophila_retracta","benthos"
"Goera_spp.","benthos"
"Psychodidae_gen._spp.","benthos"
"Cobitis_spp.","fish"
"Rhynchocypris_lagowskii","fish"
"Atrichops_spp.","benthos"
"Hydroptilidae_gen._spp.","benthos"
"Hydrophilidae_gen._spp.","benthos"
"Sialis_spp.","benthos"
"Potamanthus_spp.","benthos"
"Ephacerella_longicandata","benthos"
"Luciola_cruciata","benthos"
"Eubrianax_spp.","benthos"
"Wormaldia_spp.","benthos"
"Notonecta_spp.","benthos"
"Ephemera_orientalis","benthos"
"Limnophila_spp.","benthos"
"Drunella_basalis","benthos"
"Pilaria_spp.","benthos"
"Choroterpes_spp.","benthos"
"Mataeopsephus_spp.","benthos"
"Cloeon_spp.","benthos"
"Appasus_spp.","benthos"
"Saldidae_gen._spp.","benthos"
"Laccotrephes_japonensis","benthos"
"Boyeria_maclachlani","benthos"
"Luciola_lateralis","benthos"
"Ranatra_chinensis","benthos"
"Anisogomphus_maacki","benthos"
"Stratiomyidae_gen._spp.","benthos"
"Stenopsyche_sauteri","benthos"
"Rhyacophila_impar","benthos"
"Leucopsarion_petersii","fish"
"Luciogobius_guttatus","fish"
"Haliplidae_gen._spp.","benthos"
"Sympetrum_spp.","benthos"
"Erioptera_spp.","benthos"
"Ranatra_unicolor","benthos"
"Pseudobagrus_tokiensis","fish"
"Nipponocypris_sieboldii","fish"
"Tridentiger_bifasciatus","fish"
"Pholis_crassispina","fish"
"Sardinops_melanostictus","fish"
"Lefua_echigonia","fish"
"Terapon_jarbua","fish"
"Biwia_spp.","fish"
"Abbottina_rivularis","fish"
"Neoperla_spp.","benthos"
"Oyamia_spp.","benthos"
"Parapsyche_spp.","benthos"
"Shaogomphus_postocularis","benthos"
"Paraplea_spp.","benthos"
"Calopteryx_spp.","benthos"
"Ephemera_japonica","benthos"
"Planaeschna_milnei","benthos"
"Leuctridae_gen._spp.","benthos"
"Melligomphus_spp.","benthos"
"Dixa_spp.","benthos"
"Paracercion_spp.","benthos"
"Epophthalmia_spp.","benthos"
"Nihonogomphus_spp.","benthos"
"Gerridae_gen._spp.","benthos"
"Aciagrion_spp.","benthos"
"Plectrocnemia_spp.","benthos"
"Philorus_spp.","benthos"
"Anotogaster_sieboldii","benthos"
"Blepharicera_spp.","benthos"
"Torleya_japonica","benthos"
"Aphelocheirus_spp.","benthos"
"Ptychopteridae_gen._spp.","benthos"
"Mnais_spp.","benthos"
"Eubasilissa_spp.","benthos"
"Sinogomphus_flavolimbatus","benthos"
"Stylogomphus_spp.","benthos"
"Hexagrammos_otakii","fish"
"Kareius_bicoloratus","fish"
"Gambusia_affinis","fish"
"Acentrogobius_spp.","fish"
"Pseudobagrus_nudiceps","fish"
"Liobagrus_reinii","fish"
"Psephenoides_spp.","benthos"
"Potamyia_spp.","benthos"
"Mystacides_spp.","benthos"
"Micrasema_spp.","benthos"
"Ischnura_spp.","benthos"
"Centroptilum_spp.","benthos"
"Culicidae_gen._spp.","benthos"
"Orthetrum_spp.","benthos"
"Anaciaeschna_martini","benthos"
"Pseudothemis_zonata","benthos"
"Chaoborus_spp.","benthos"
"Ephemerella_imanishii","benthos"
"Gymnogobius_opperiens","fish"
"Cottus_kazika","fish"
"Calineuria_spp.","benthos"
"Bibiocephala_spp.","benthos"
"Ostrovus_spp.","benthos"
"Drunella_kohnoi","benthos"
"Agathon_spp.","benthos"
"Atherix_ibis","benthos"
"Paragnetina_spp.","benthos"
"Rhinogobius_flumineus","fish"
"Oreochromis_niloticus","fish"
"Rhinogobius_giurinus","fish"
"Pholis_nebulosa","fish"
"Cryptoperla_spp.","benthos"
"Ectopria_spp.","benthos"
"Gumaga_sp.","benthos"
"Gibosia_spp.","benthos"
"Athripsodes_spp.","benthos"
"Anisocentropus_spp.","benthos"
"Parachauliodes_spp.","benthos"
"Anisops_spp.","benthos"
"Rhyacophila_shikotsuensis","benthos"
"Oecetis_spp.","benthos"
"Anax_spp.","benthos"
"Helicopsyche_yamadai","benthos"
"Phryganopsyche_spp.","benthos"
"Hydrometra_spp.","benthos"
"Dipseudopsidae_gen._spp.","benthos"
"Veliidae_gen._spp.","benthos"
"Dipteromimus_spp.","benthos"
"Rhyacophila_kawamurae","benthos"
"Chrysomelidae_gen._spp.","benthos"
"Agriocnemis_spp.","benthos"
"Rhyacophila_yosiiana","benthos"
"Asuragina_caerulescens","benthos"
"Rhyacophila_kisoensis","benthos"
"Rhyacophila_RC","benthos"
"Limnocentropus_insolitus","benthos"
"Dryopidae_gen._spp.","benthos"
"Dolichopodidae_gen._spp.","benthos"
"Rhyacophila_kuramana","benthos"
"Crocothemis_servilia","benthos"
"Suragina_satsumana","benthos"
"Squalidus_gracilis","fish"
"Rhyacophila_towadensis","benthos"
"Diplectrona_spp.","benthos"
"Pseudomegarcys_japonica","benthos"
"Niponiella_limbatella","benthos"
"Megarcys_ochracea","benthos"
"Kageronia_spp.","benthos"
"Atherix_basilica","benthos"
"Rhyacophila_sp.RK","benthos"
"Acheilognathus_cyanostigma","fish"
"Hemibarbus_longirostris","fish"
"Coreoperca_kawamebari","fish"
"Gymnogobius_scrobiculatus","fish"
"Pantala_flavescens","benthos"
"Dolophilodes_spp.","benthos"
"Ormosia_spp.","benthos"
"Caroperla_spp.","benthos"
"Molanna_spp.","benthos"
"Apsilochorema_sutshanum","benthos"
"Macrostemum_spp.","benthos"
"Ephydridae_gen._spp.","benthos"
"Triaenodes_spp.","benthos"
"Acheilognathus_rhombeus","fish"
"Melanotrichia_spp.","benthos"
"Setodes_spp.","benthos"
"Teleganopsis_chinoi","benthos"
"Tanakia_limbata","fish"
"Lanthus_fujiacus","benthos"
"Strongylura_anastomella","fish"
"Omobranchus_punctatus","fish"
"Thraulus_spp.","benthos"
"Planiliza_macrolepis","fish"
"Plectorhinchus_cinctus","fish"
"Sphyraena_pinguis","fish"
"Nibea_mitsukurii","fish"
"Cinygma_lyriforme","benthos"
"Neohapalothrix_spp.","benthos"
"Coilia_nasus","fish"
"Rhodeus_smithii","fish"
"Perissoneura_spp.","benthos"
"Dicranomyia_spp.","benthos"
"Epiophlebia_superstes","benthos"
"Trigomphus_spp.","benthos"
"Uenoa_tokunagai","benthos"
"Trachidermus_fasciatus","fish"
"Odontamblyopus_rubicundus","fish"
"Periophthalmus_modestus","fish"
"Boleophthalmus_pectinirostris","fish"
"Nebea_albiflora","fish"
"Synechogobius_hasta","fish"
"Macroeubria_spp.","benthos"
"Pungitius_tymensis","fish"
"Oncorhynchus_nerka","fish"
"Coenagrion_spp.","benthos"
"Rhyacophila_clemens","benthos"
"Copera_spp.","benthos"
"Ephoron_spp.","benthos"
"Hypomesus_pretiosus","fish"
"Lissorhoptrus_oryzophilus","benthos"
"Caranx_melampygus","fish"
"Kuhlia_marginata","fish"
"Microphis_brachyurus","fish"
"Callionymus_beniteguri","fish"
"Pennahia_argentata","fish"
"Conger_myriaster","fish"
"Gerres_spp.","fish"
"Girella_punctata","fish"
"Sigambra tentaculata","benthos"
"Elophila_spp.","benthos"
"Brachycercus_spp.","benthos"
"Acheilognathus_tabira","fish"
"Etrumeus_micropus","fish"
"Gymnogobius_taranetzi","fish"
"Drunella_spp.","benthos"
"Paraplagusia_japonica","fish"
"Potamomusa_midas","benthos"
"Niwaella_delicata","fish"
"Hypoatherina_valenciennei","fish"
"Gymnogobius_uchidai","fish"
"Triacanthus_biaculeatus","fish"
"Acheilognathus_longipinnis","fish"
"Megalops_cyprinoides","fish"
"Moolgarda_spp.","fish"
"Eleotris_acanthopomus","fish"
"Eleotris_melanosoma","fish"
"Hemigrammocypris_neglectus","fish"
"Monopterus_albus","fish"
"Georgium_japonicum","benthos"
"Platycnemis_spp.","benthos"
"Oligotricha_spp.","benthos"
"Hydraena_spp.","benthos"
"Scirtidae_gen._spp.","benthos"
"Cobitis_takatsuensis","fish"
"Limonia_spp.","benthos"
"Pseudorhombus_arsius","fish"
"Lutjanus_russelli","fish"
"Siganus_fuscescens","fish"
"Caranx_ignobilis","fish"
"Scomberoides_lysan","fish"
"Repomucenus_richardsonii","fish"
"Lates_Japonicus","fish"
"Rhyacophila RL","benthos"
"Epitheca_spp.","benthos"
"Agrypnia_spp.","benthos"
"Hypomesus_olidus","fish"
"Clupea_spp.","fish"
"Rhyacophila_nipponica","benthos"
"Ephemerella_cornuta","benthos"
"Osmylidae_gen._spp.","benthos"
"Polycanthagyna_melanictera","benthos"
"Pseudopleuronectes_yokohamae","fish"
"Nyctiophylax_spp.","benthos"
"Kirkaldyia_deyrolli","benthos"
"Gynacantha_japonica","benthos"
"Salmo_trutta","fish"
"Rhyacophila_bilobata","benthos"
"Somatochlora_spp.","benthos"
"Xanthoneuria_spp.","benthos"
"Gymnogobius_heptacanthus","fish"
"Rhyothemis_fuliginosa","benthos"
"Kiotina_spp.","benthos"
"Omobranchus_fasciolatoceps","fish"
"Stephanolepis_cirrhifer","fish"
"Dictyosoma_burgeri","fish"
"Parajulis_poecilepterus","fish"
"Parablennius_yatabei","fish"
"Lateolabrax_maculatus","fish"
"Lutjanus_argentimaculatus","fish"
"Osteomugil_perusii","fish"
"Ceriagrion_spp.","benthos"
"Parapoynx_spp.","benthos"
"Taenioides_spp.","fish"
"Pisodonophis_spp.","fish"
"Elops_hawaiensis","fish"
"Salanx_ariakensis","fish"
"Tridentiger_trigonocephalus","fish"
"Pseudogobius masago","fish"
"Tridentiger_barbatus","fish"
"Hucho_perryi","fish"
"Trichosetodes_spp.","benthos"
"Sisyridae_gen._spp.","benthos"
"Tribolodon_nakamurai","fish"
"Micropterus_dolomieu","fish"
"Ptilodactylidae_gen._spp.","benthos"
"Oncorhynchus_rhodurus","fish"
"Coptodon_zillii","fish"
"Saurida_elongata","fish"
"Sphyraena_barracuda","fish"
"Trachinotus_spp.","fish"
"Apocryptodon_madurensis","fish"
"Syngnathus_schlegeli","fish"
"Lestes_spp.","benthos"
"Pseudobagrus_aurantiacus","fish"
"Ilisha_elongata","fish"
"Poecilia_reticulata","fish"
"Semblis_spp.","benthos"
"Lefua_nikkonis","fish"
"Repomucenus_valenciennei","fish"
"Sympecma_paedisca","benthos"
"Channa_maculata","fish"
"Sinictinogomphus_spp.","benthos"
"Callogobius_tanegasimae","fish"
"Microphis_leiaspis","fish"
"Caranx_papuensis","fish"
"Hippichthys_spicifer","fish"
"Neosalanx_reganius","fish"
"Oncorhynchus_gorbuscha","fish"
"Eleotris_fusca","fish"
"Mesoveliidae_gen._spp.","benthos"
"Odontesthes_bonariensis","fish"
"Pedicia_spp.","benthos"
"Oligolepis_acutipennis","fish"
"Oplegnathus_fasciatus","fish"
"Scomberoides_tol","fish"
"Eriocera_spp.","benthos"
"Luciogobius_pallidus","fish"
"Polydactylus_plebeius","fish"
"Metalimnoia_spp.","benthos"
"Aeshna_spp.","benthos"
"Rhyacophila_hokkaidensis","benthos"
"Osmerus_dentex","fish"
"Aeschnophlebia_spp.","benthos"
"Naididae科","benthos"
"Cincticostella orientalis","benthos"
"Skwala_spp.","benthos"
"Leptocerus_spp.","benthos"
"Agriotypus_spp.","benthos"
"Hippocampus_kuda","fish"
"Pseudobagrus_ichikawai","fish"
"Sciomyzidae_gen._spp.","benthos"
"Ernogrammus_hexagrammus","fish"
"Lyriothemis_spp.","benthos"
"Rhinogobius_giurinus","benthos"
"Oryzias_spp.","benthos"
"Eutaeniichthys_gilli","benthos"
"Pseudogobius masago","benthos"
"Acanthogobius_lactipes","benthos"
"Hippichthys_penicillus","benthos"
"Rhinogobius_spp.","benthos"
"Taenioides_spp.","benthos"
"Procloeon_spp.","benthos"
"Ditrema_viride","fish"
"Myoxocephalus_stelleri","fish"
"Larcasia_spp.","benthos"
"Phryganea_japonica","benthos"
"Psilotreta_kisoensis","benthos"
"Drombus_spp.","fish"
"Molophilus_spp.","benthos"
"Acheilognathus_macropterus","fish"
"Scleroprocta_spp.","benthos"
"Rhyacophila_lezeyi","benthos"
"Padunia_spp.","benthos"
"Rhyacophila_flinti","benthos"
"Ochthebius_spp.","benthos"
"Isonychia_shima","benthos"
"Kogotus_spp.","benthos"
"Rhyacophila_kuwayamai","benthos"
"Hippocampus_mohnikei","fish"
"Halichoeres_tenuispinis","fish"
"Cynoglossus_abbreviatus","fish"
"Inegocia_japonica","fish"
"Canacidae_gen._spp.","benthos"
"Cobitis_shikokuensis","fish"
"Malacopsephenoides_spp.","benthos"
"Cociella_crocodilus","fish"
"Ganonema_uchidai","benthos"
"Pseudoblennius_cottoides","fish"
"Neureclipsis_spp.","benthos"
"Luciogobius_martellii","fish"
"Pseudobagrus_fulvidraco","fish"
"Rhabdomastix_spp.","benthos"
"Dolichocetrus_sakura","benthos"
