﻿Taxon,Category,Order,Family,Genus,Species,BodyLength,HeadWidth,a_BodyLength,b_BodyLength,Ref_BodyLength,a_HeadWidth,b_HeadWidth,Ref_HeadWidth,DryMass,Bodysize,Voltinism_Multivoltine,Reproduction_Ovoviparous,Reproduction_terrestrial,Reproduction_Asexual,Respiration_Aerial,Locomotion_Interstitial
Paraleptophlebia_spp.,benthos,Ephemeroptera,Leptophlebiidae,Paraleptophlebia,spp.,7,NA,0.009,2.51,Jhonson & Cunjak 1999,,,,1.078,2,0,0,0,0,0,0
Choroterpes_spp.,benthos,Ephemeroptera,Leptophlebiidae,Choroterpes,spp.,NA,NA,0.005,2.686,Benke et al. 1999,,,,NA,2,0,0,0,0,0,0
Thraulus_spp.,benthos,Ephemeroptera,Leptophlebiidae,Thraulus,spp.,NA,NA,0.005,2.686,Benke et al. 1999,,,,NA,2,0,0,0,0,0,0
Potamanthus_spp.,benthos,Ephemeroptera,Potamanthidae,Potamanthus,spp.,10,NA,0.005,2.686,Benke et al. 1999,,,,1.47,2,1,0,0,0,0,1
Ephoron_spp.,benthos,Ephemeroptera,Polymitarcyidae,Ephoron,spp.,20,NA,0.003,2.764,Benke et al. 1999,,,,2.925,2,0,0,0,1,0,0
Ephemera_japonica,benthos,Ephemeroptera,Ephemeridae,Ephemera,japonica,20,NA,0.003,2.764,Benke et al. 1999,,,,2.925,2,0,0,0,0,0,1
Ephemera_orientalis,benthos,Ephemeroptera,Ephemeridae,Ephemera,orientalis,20,NA,0.003,2.764,Benke et al. 1999,,,,2.925,2,0,0,0,0,0,1
Ephemera_strigata,benthos,Ephemeroptera,Ephemeridae,Ephemera,strigata,20,NA,0.003,2.764,Benke et al. 1999,,,,2.925,2,0,0,0,0,0,1
Brachycercus_spp.,benthos,Ephemeroptera,Caenidae,Brachycercus,spp.,NA,NA,0.005,2.772,Benke et al. 1999,,,,NA,1,0,0,0,0,0,0
Caenis_spp.,benthos,Ephemeroptera,Caenidae,Caenis,spp.,5,NA,0.005,2.75,Baumgartner & Rothhaupt 2003,,,,0.685,1,0,0,0,0,0,1
Cincticostella_orientalis,benthos,Ephemeroptera,Ephemerellidae,Cincticostella,orientalis,7,NA,0.01,2.676,Benke et al. 1999,,,,1.299,2,0,0,0,0,0,0
Cincticostella_spp.,benthos,Ephemeroptera,Ephemerellidae,Cincticostella,spp.,10,NA,0.01,2.676,Benke et al. 1999,,,,1.966,2,0,0,0,0,0,0
Drunella_basalis,benthos,Ephemeroptera,Ephemerellidae,Drunella,basalis,15,NA,0.009,3,Jhonson & Cunjak 1999,,,,4.404,2,0,0,0,0,0,0
Drunella_ishiyamana,benthos,Ephemeroptera,Ephemerellidae,Drunella,ishiyamana,8,NA,0.009,3,Jhonson & Cunjak 1999,,,,1.942,2,0,0,0,0,0,0
Drunella_kohnoi,benthos,Ephemeroptera,Ephemerellidae,Drunella,kohnoi,12,NA,0.009,3,Jhonson & Cunjak 1999,,,,3.293,2,0,0,0,0,0,0
Drunella_sacharinensis,benthos,Ephemeroptera,Ephemerellidae,Drunella,sacharinensis,14,NA,0.009,3,Jhonson & Cunjak 1999,,,,4.025,2,0,0,0,0,0,0
Drunella_spp.,benthos,Ephemeroptera,Ephemerellidae,Drunella,spp.,5,NA,0.009,3,Jhonson & Cunjak 1999,,,,1.052,2,0,0,0,0,0,0
Drunella_trispina,benthos,Ephemeroptera,Ephemerellidae,Drunella,trispina,13,NA,0.009,3,Jhonson & Cunjak 1999,,,,3.655,2,0,0,0,0,0,0
Ephacerella_longicandata,benthos,Ephemeroptera,Ephemerellidae,Ephacerella,longicandata,10,NA,0.01,2.676,Benke et al. 1999,,,,1.966,2,0,0,0,0,0,0
Ephemerella_cornuta,benthos,Ephemeroptera,Ephemerellidae,Ephemerella,cornuta,14,NA,0.006,2.912,Meyer 1989,,,,3.052,2,0,0,0,0,0,0
Ephemerella_imanishii,benthos,Ephemeroptera,Ephemerellidae,Ephemerella,imanishii,9,NA,0.006,2.912,Meyer 1989,,,,1.745,2,0,0,0,0,0,0
Ephemerella_spp.,benthos,Ephemeroptera,Ephemerellidae,Ephemerella,spp.,5,NA,0.006,2.912,Meyer 1989,,,,0.83,1,1,0,0,0,0,0
Torleya_japonica,benthos,Ephemeroptera,Ephemerellidae,Torleya,japonica,5,NA,0.01,2.676,Benke et al. 1999,,,,0.878,1,NA,0,0,0,0,1
Teleganopsis_chinoi,benthos,Ephemeroptera,Ephemerellidae,Teleganopsis,chinoi,5,NA,0.01,2.676,Benke et al. 1999,,,,0.878,1,1,0,0,0,0,0
Teleganopsis_punctisetae,benthos,Ephemeroptera,Ephemerellidae,Teleganopsis,punctisetae,5,NA,0.008,1.888,Miyasaka et al. 2008,,,,0.46,1,1,0,0,0,0,0
Ameletus_spp.,benthos,Ephemeroptera,Ameletidae,Ameletus,spp.,10,NA,0.008,2.588,Benke et al. 1999,,,,1.634,2,0,0,0,0,0,1
Acentrella_spp.,benthos,Ephemeroptera,Baetidae,Acentrella,spp.,4,NA,0.01,2.75,Jhonson & Cunjak 1999,,,,0.709,1,1,0,0,0,0,0
Baetiella_japonica,benthos,Ephemeroptera,Baetidae,Baetiella,japonica,6,NA,0.005,2.875,Benke et al. 1999,,,,0.938,1,0,0,0,0,0,0
Centroptilum_spp.,benthos,Ephemeroptera,Baetidae,Centroptilum,spp.,7,NA,0.018,2.93,Baumgartner & Rothhaupt 2003,,,,2.078,2,1,0,0,1,0,0
Procloeon_spp.,benthos,Ephemeroptera,Baetidae,Procloeon,spp.,7,NA,0.005,2.875,Benke et al. 1999,,,,1.137,2,1,0,0,0,0,0
Cloeon_spp.,benthos,Ephemeroptera,Baetidae,Cloeon,spp.,10,NA,0.005,2.875,Benke et al. 1999,,,,1.775,2,1,1,0,0,0,0
Baetidae_gen._spp.,benthos,Ephemeroptera,Baetidae,gen.,spp.,5,NA,0.005,2.875,Benke et al. 1999,,,,0.747,1,1,0,0,0,0,0
Dipteromimus_spp.,benthos,Ephemeroptera,Dipteromimidae,Dipteromimus,spp.,20,NA,NA,NA,NA,,,,NA,2,0,0,0,0,0,0
Siphlonurus_spp.,benthos,Ephemeroptera,Siphlonuridae,Siphlonurus,spp.,10,NA,0.003,3.446,Benke et al. 1999,,,,2.517,2,0,0,0,0,0,0
Isonychia_japonica,benthos,Ephemeroptera,Isonychiidae,Isonychia,japonica,18,NA,0.003,3.043,Benke et al. 1999,,,,3.658,2,1,0,0,0,0,0
Isonychia_shima,benthos,Ephemeroptera,Isonychiidae,Isonychia,shima,18,NA,0.003,3.043,Benke et al. 1999,,,,3.658,2,1,0,0,0,0,0
Cinygma_lyriforme,benthos,Ephemeroptera,Heptageniidae,Cinygma,lyriforme,NA,NA,0.011,2.754,Benke et al. 1999,,,,NA,2,0,0,0,0,0,0
Cinygmula_spp.,benthos,Ephemeroptera,Heptageniidae,Cinygmula,spp.,7,NA,0.011,2.754,Benke et al. 1999,,,,1.446,2,0,0,0,0,0,0
Ecdyonurus_spp.,benthos,Ephemeroptera,Heptageniidae,Ecdyonurus,spp.,7,NA,0.004,3.347,Meyer 1989,,,,1.538,2,1,0,0,0,0,0
Epeorus_spp.,benthos,Ephemeroptera,Heptageniidae,Epeorus,spp.,10,NA,0.009,2.885,Meyer 1989,,,,2.315,2,1,0,0,0,0,0
Heptagenia_spp.,benthos,Ephemeroptera,Heptageniidae,Heptagenia,spp.,13,NA,0.018,2.33,Smock 1980,,,,2.341,2,1,0,0,0,0,0
Kageronia_spp.,benthos,Ephemeroptera,Heptageniidae,Kageronia,spp.,8,NA,0.011,2.754,Benke et al. 1999,,,,1.696,2,0,0,0,0,0,0
Rhithrogena_spp.,benthos,Ephemeroptera,Heptageniidae,Rhithrogena,spp.,8,NA,0.003,3.345,Meyer 1989,,,,1.645,2,0,0,0,0,0,0
Agriocnemis_spp.,benthos,Odonata,Coenagrionidae,Agriocnemis,spp.,7,2.6,0.005,2.785,Benke et al. 1999,,,,1.054,2,0,0,1,0,0,0
Ceriagrion_spp.,benthos,Odonata,Coenagrionidae,Ceriagrion,spp.,14,NA,0.005,2.785,Benke et al. 1999,,,,2.437,2,1,0,0,0,0,0
Aciagrion_spp.,benthos,Odonata,Coenagrionidae,Aciagrion,spp.,12,NA,0.005,2.785,Benke et al. 1999,,,,2.023,2,1,0,0,0,0,0
Ischnura_spp.,benthos,Odonata,Coenagrionidae,Ischnura,spp.,12,NA,0.005,2.785,Benke et al. 1999,,,,2.023,2,0,0,0,0,0,0
Paracercion_spp.,benthos,Odonata,Coenagrionidae,Paracercion,spp.,13,NA,0.005,2.785,Benke et al. 1999,,,,2.228,2,1,0,0,0,0,0
Coenagrion_spp.,benthos,Odonata,Coenagrionidae,Coenagrion,spp.,11,NA,0.005,2.785,Benke et al. 1999,,,,1.821,2,0,0,0,0,0,0
Platycnemis_spp.,benthos,Odonata,Platycnemidae,Platycnemis,spp.,10,NA,0.005,2.742,Benke et al. 1999,,,,1.554,2,0,0,0,0,0,0
Copera_spp.,benthos,Odonata,Platycnemidae,Copera,spp.,12,NA,0.005,2.742,Benke et al. 1999,,,,1.931,2,0,0,0,0,0,0
Lestes_spp.,benthos,Odonata,Lestidae,Lestes,spp.,16,NA,0.005,2.742,Benke et al. 1999,,,,2.72,2,0,0,1,0,0,0
Sympecma_paedisca,benthos,Odonata,Lestidae,Sympecma,paedisca,13.8,NA,0.005,2.742,Benke et al. 1999,,,,2.281,2,0,0,1,0,0,0
Calopteryx_spp.,benthos,Odonata,Calopterygidae,Calopteryx,spp.,20,NA,0.005,2.742,Benke et al. 1999,,,,3.548,2,0,0,0,0,0,1
Atrocalopteryx_atrata,benthos,Odonata,Calopterygidae,Atrocalopteryx,atrata,19.5,NA,0.005,2.742,Benke et al. 1999,,,,3.443,2,0,0,0,0,0,0
Mnais_spp.,benthos,Odonata,Calopterygidae,Mnais,spp.,19,NA,0.005,2.742,Benke et al. 1999,,,,3.338,2,0,0,0,0,0,0
Epiophlebia_superstes,benthos,Odonata,Ephiophlebiidae,Epiophlebia,superstes,20,NA,NA,NA,NA,,,,NA,2,0,0,0,0,0,0
Anisogomphus_maacki,benthos,Odonata,Gomphidae,Anisogomphus,maacki,26,6,0.009,2.787,Benke et al. 1999,,,,6.671,2,0,0,0,0,0,0
Stylurus_spp.,benthos,Odonata,Gomphidae,Stylurus,spp.,31,6,0.009,2.787,Benke et al. 1999,,,,8.254,2,0,0,0,0,0,0
Asiagomphus_spp.,benthos,Odonata,Gomphidae,Asiagomphus,spp.,31,6,0.009,2.787,Benke et al. 1999,,,,8.254,2,0,0,0,0,0,0
Shaogomphus_postocularis,benthos,Odonata,Gomphidae,Shaogomphus,postocularis,28,7,0.009,2.787,Benke et al. 1999,,,,7.297,2,0,0,0,0,0,0
Trigomphus_spp.,benthos,Odonata,Gomphidae,Trigomphus,spp.,21,5,0.009,2.787,Benke et al. 1999,,,,5.151,2,0,0,0,0,0,0
Davidius_spp.,benthos,Odonata,Gomphidae,Davidius,spp.,14,4,0.009,2.787,Benke et al. 1999,,,,3.153,2,0,0,0,0,0,0
Stylogomphus_spp.,benthos,Odonata,Gomphidae,Stylogomphus,spp.,14,4.5,0.009,2.787,Benke et al. 1999,,,,3.153,2,0,0,0,0,0,0
Lanthus_fujiacus,benthos,Odonata,Gomphidae,Lanthus,fujiacus,18,5,0.009,2.787,Benke et al. 1999,,,,4.275,2,0,0,0,0,0,0
Sinogomphus_flavolimbatus,benthos,Odonata,Gomphidae,Sinogomphus,flavolimbatus,18,5,0.009,2.787,Benke et al. 1999,,,,4.275,2,0,0,0,0,0,0
Nihonogomphus_spp.,benthos,Odonata,Gomphidae,Nihonogomphus,spp.,28,6,0.009,2.787,Benke et al. 1999,,,,7.297,2,0,0,0,0,0,1
Melligomphus_spp.,benthos,Odonata,Gomphidae,Melligomphus,spp.,27,6,0.009,2.787,Benke et al. 1999,,,,6.983,2,0,0,0,0,0,0
Sieboldius_albardae,benthos,Odonata,Gomphidae,Sieboldius,albardae,31,8,0.009,2.787,Benke et al. 1999,,,,8.254,2,0,0,0,0,0,0
Sinictinogomphus_spp.,benthos,Odonata,Gomphidae,Sinictinogomphus,spp.,26,7,0.009,2.787,Benke et al. 1999,,,,6.671,2,0,0,0,0,0,0
Anotogaster_sieboldii,benthos,Odonata,Cordulegastridae,Anotogaster,sieboldii,40,11,,,,0.42,2.93,Nakagawa & Takemon 2015,14.506,3,0,0,1,0,0,0
Boyeria_maclachlani,benthos,Odonata,Aeshnidae,Boyeria,maclachlani,40,9,0.008,2.81,Smock 1980,,,,11.077,3,0,0,1,0,0,0
Planaeschna_milnei,benthos,Odonata,Aeshnidae,Planaeschna,milnei,40,8.5,0.008,2.813,Benke et al. 1999,,,,11.13,3,0,0,1,0,0,0
Aeschnophlebia_spp.,benthos,Odonata,Aeshnidae,Aeschnophlebia,spp.,42,8,0.008,2.813,Benke et al. 1999,,,,11.814,3,0,0,0,0,0,0
Gynacantha_japonica,benthos,Odonata,Aeshnidae,Gynacantha,japonica,32,7,0.008,2.813,Benke et al. 1999,,,,8.475,2,0,0,0,0,0,0
Polycanthagyna_melanictera,benthos,Odonata,Aeshnidae,Polycanthagyna,melanictera,42,9,0.008,2.813,Benke et al. 1999,,,,11.814,3,0,0,0,0,0,0
Aeshna_spp.,benthos,Odonata,Aeshnidae,Aeshna,spp.,33,8,0.008,2.813,Benke et al. 1999,,,,8.799,2,0,0,0,0,0,0
Anaciaeschna_martini,benthos,Odonata,Aeshnidae,Anaciaeschna,martini,34,8.5,0.008,2.813,Benke et al. 1999,,,,9.126,2,0,0,0,0,0,0
Anax_spp.,benthos,Odonata,Aeshnidae,Anax,spp.,49,8.5,0.008,2.813,Benke et al. 1999,,,,14.262,3,1,0,0,0,0,0
Epitheca_spp.,benthos,Odonata,Corduliidae,Epitheca,spp.,21,6,0.01,2.787,Benke et al. 1999,,,,5.393,2,0,0,0,0,0,0
Somatochlora_spp.,benthos,Odonata,Corduliidae,Somatochlora,spp.,17,6,0.01,2.787,Benke et al. 1999,,,,4.176,2,0,0,0,0,0,0
Macromia_spp.,benthos,Odonata,Macromiidae,Macromia,spp.,25,7,0.01,2.787,Benke et al. 1999,,,,6.66,2,0,0,0,0,0,0
Epophthalmia_spp.,benthos,Odonata,Macromiidae,Epophthalmia,spp.,35,8,0.01,2.787,Benke et al. 1999,,,,10.007,3,0,0,0,0,0,0
Lyriothemis_spp.,benthos,Odonata,Libellulidae,Lyriothemis,spp.,15,5,0.008,2.809,Benke et al. 1999,,,,3.343,2,0,0,0,0,0,0
Orthetrum_spp.,benthos,Odonata,Libellulidae,Orthetrum,spp.,17,5,0.008,2.809,Benke et al. 1999,,,,3.894,2,1,0,0,0,0,0
Deielia_phaon,benthos,Odonata,Libellulidae,Deielia,phaon,21,5,0.008,2.809,Benke et al. 1999,,,,5.039,2,1,0,0,0,0,0
Crocothemis_servilia,benthos,Odonata,Libellulidae,Crocothemis,servilia,18,6,0.008,2.809,Benke et al. 1999,,,,4.175,2,1,0,0,0,0,0
Sympetrum_spp.,benthos,Odonata,Libellulidae,Sympetrum,spp.,11,3.8,0.008,2.809,Benke et al. 1999,,,,2.29,2,0,0,1,0,0,0
Pseudothemis_zonata,benthos,Odonata,Libellulidae,Pseudothemis,zonata,17,7,0.008,2.809,Benke et al. 1999,,,,3.894,2,0,0,0,0,0,0
Pantala_flavescens,benthos,Odonata,Libellulidae,Pantala,flavescens,22,6,0.008,2.809,Benke et al. 1999,,,,5.333,2,1,0,0,0,0,0
Rhyothemis_fuliginosa,benthos,Odonata,Libellulidae,Rhyothemis,fuliginosa,13,5,0.008,2.809,Benke et al. 1999,,,,2.807,2,0,0,0,0,0,0
Cryptoperla_spp.,benthos,Plecoptera,Peltoperlidae,Cryptoperla,spp.,10,NA,0.017,2.737,Benke et al. 1999,,,,2.631,2,0,0,0,0,0,0
Megarcys_ochracea,benthos,Plecoptera,Perlodidae,Megarcys,ochracea,NA,NA,0.02,2.742,Benke et al. 1999,,,,NA,2,0,0,0,0,0,0
Pseudomegarcys_japonica,benthos,Plecoptera,Perlodidae,Pseudomegarcys,japonica,25,NA,0.02,2.742,Benke et al. 1999,,,,8.45,2,0,0,0,0,0,0
Skwala_spp.,benthos,Plecoptera,Perlodidae,Skwala,spp.,NA,NA,0.02,2.742,Benke et al. 1999,,,,NA,2,0,0,0,0,0,0
Perlodes_frisonanus,benthos,Plecoptera,Perlodidae,Perlodes,frisonanus,NA,NA,0.006,2.889,Meyer 1989,,,,NA,2,0,0,0,0,0,0
Tadamus_spp.,benthos,Plecoptera,Perlodidae,Tadamus,spp.,20,NA,0.02,2.742,Benke et al. 1999,,,,6.478,2,0,0,0,0,0,0
Stavsolus_spp.,benthos,Plecoptera,Perlodidae,Stavsolus,spp.,20,NA,0.02,2.742,Benke et al. 1999,,,,6.478,2,0,0,0,0,0,0
Ostrovus_spp.,benthos,Plecoptera,Perlodidae,Ostrovus,spp.,10,NA,0.02,2.742,Benke et al. 1999,,,,2.838,2,0,0,0,0,0,0
Kogotus_spp.,benthos,Plecoptera,Perlodidae,Kogotus,spp.,NA,NA,0.02,2.742,Benke et al. 1999,,,,NA,2,0,0,0,0,0,0
Isoperla_spp.,benthos,Plecoptera,Perlodidae,Isoperla,spp.,13,NA,0.006,2.697,Meyer 1989,,,,2.187,2,0,0,0,0,0,0
Xanthoneuria_spp.,benthos,Plecoptera,Perlidae,Xanthoneuria,spp.,30,NA,0.01,2.879,Benke et al. 1999,,,,9.513,2,0,0,0,0,0,0
Calineuria_spp.,benthos,Plecoptera,Perlidae,Calineuria,spp.,30,NA,0.01,2.879,Benke et al. 1999,,,,9.513,2,0,0,0,0,0,0
Niponiella_limbatella,benthos,Plecoptera,Perlidae,Niponiella,limbatella,20,NA,0.01,2.879,Benke et al. 1999,,,,5.73,2,0,0,0,0,0,0
Caroperla_spp.,benthos,Plecoptera,Perlidae,Caroperla,spp.,NA,NA,0.01,2.879,Benke et al. 1999,,,,NA,2,0,0,0,0,0,0
Kiotina_spp.,benthos,Plecoptera,Perlidae,Kiotina,spp.,25,NA,0.01,2.879,Benke et al. 1999,,,,7.574,2,0,0,0,0,0,1
Gibosia_spp.,benthos,Plecoptera,Perlidae,Gibosia,spp.,15,NA,0.01,2.879,Benke et al. 1999,,,,3.999,2,0,0,0,0,0,1
Oyamia_spp.,benthos,Plecoptera,Perlidae,Oyamia,spp.,25,NA,0.01,2.879,Benke et al. 1999,,,,7.574,2,0,0,0,0,0,0
Togoperla_spp.,benthos,Plecoptera,Perlidae,Togoperla,spp.,30,NA,0.01,2.879,Benke et al. 1999,,,,9.513,2,0,0,0,0,0,0
Kamimuria_spp.,benthos,Plecoptera,Perlidae,Kamimuria,spp.,20,NA,0.01,2.879,Benke et al. 1999,,,,5.73,2,0,0,0,0,0,0
Paragnetina_spp.,benthos,Plecoptera,Perlidae,Paragnetina,spp.,30,NA,0.01,2.879,Benke et al. 1999,,,,9.513,2,0,0,0,0,0,0
Neoperla_spp.,benthos,Plecoptera,Perlidae,Neoperla,spp.,20,NA,0.01,2.879,Benke et al. 1999,,,,5.73,2,0,0,0,0,0,0
Chloroperlidae_gen._spp.,benthos,Plecoptera,Chloroperlidae,gen.,spp.,10,NA,0.007,2.724,Benke et al. 1999,,,,1.767,2,0,0,0,0,0,1
Taeniopterygidae_gen._spp.,benthos,Plecoptera,Taeniopterygidae,gen.,spp.,10,NA,0.007,2.655,Benke et al. 1999,,,,1.649,2,0,0,0,0,0,0
Nemoura_spp.,benthos,Plecoptera,Nemouridae,Nemoura,spp.,10,NA,0.016,1.986,Meyer 1989,,,,1.209,2,1,0,0,0,0,0
Amphinemura_spp.,benthos,Plecoptera,Nemouridae,Amphinemura,spp.,10,NA,0.011,2.538,Meyer 1989,,,,1.785,2,1,0,0,0,0,0
Protonemura_spp.,benthos,Plecoptera,Nemouridae,Protonemura,spp.,10,NA,0.005,3.113,Meyer 1989,,,,2.252,2,1,0,0,0,0,0
Capniidae_gen._spp.,benthos,Plecoptera,Capniidae,gen.,spp.,10,NA,0.005,2.562,Benke et al. 1999,,,,1.298,2,0,0,0,0,0,1
Leuctridae_gen._spp.,benthos,Plecoptera,Leuctridae,gen.,spp.,10,NA,0.003,2.719,Benke et al. 1999,,,,1.217,2,0,0,0,0,0,1
Laccotrephes_japonensis,benthos,Hemiptera,Nepidae,Laccotrephes,japonensis,30,NA,0.02,2.981,Miyasaka et al. 2008,,,,14.944,3,0,0,1,0,1,0
Ranatra_chinensis,benthos,Hemiptera,Nepidae,Ranatra,chinensis,40,NA,NA,NA,NA,,,,NA,3,0,0,1,0,1,0
Ranatra_unicolor,benthos,Hemiptera,Nepidae,Ranatra,unicolor,24,NA,NA,NA,NA,,,,NA,3,0,0,1,0,1,0
Appasus_spp.,benthos,Hemiptera,Belostomatidae,Appasus,spp.,17,NA,NA,NA,NA,,,,NA,3,0,0,1,0,1,0
Kirkaldyia_deyrolli,benthos,Hemiptera,Belostomatidae,Kirkaldyia,deyrolli,48,NA,0.023,2.988,Miyasaka et al. 2008,,,,29.526,3,0,0,1,0,1,0
Corixidae_gen._spp.,benthos,Hemiptera,Corixidae,gen.,spp.,1.6,NA,0.003,2.904,Benke et al. 1999,,,,0.145,2,1,0,1,0,1,0
Aphelocheirus_spp.,benthos,Hemiptera,Aphelocheiridae,Aphelocheirus,spp.,6.8,NA,NA,NA,NA,,,,NA,2,0,0,1,0,1,0
Notonecta_spp.,benthos,Hemiptera,Notonectidae,Notonecta,spp.,7.9,NA,0.003,2.904,Benke et al. 1999,,,,1.087,2,0,0,1,0,1,0
Anisops_spp.,benthos,Hemiptera,Notonectidae,Anisops,spp.,4.3,NA,0.003,2.904,Benke et al. 1999,,,,0.505,1,0,0,1,0,1,0
Paraplea_spp.,benthos,Hemiptera,Notonectidae,Paraplea,spp.,1.5,NA,0.003,2.904,Benke et al. 1999,,,,0.134,1,0,0,1,0,1,0
Mesoveliidae_gen._spp.,benthos,Hemiptera,Mesoveliidae,gen.,spp.,2.7,NA,0.003,2.904,Benke et al. 1999,,,,0.281,1,0,0,1,0,1,0
Hydrometra_spp.,benthos,Hemiptera,Hydrometridae,Hydrometra,spp.,7.5,NA,0.003,2.904,Benke et al. 1999,,,,1.018,2,0,0,1,0,1,0
Veliidae_gen._spp.,benthos,Hemiptera,Veliidae,gen.,spp.,1.1,NA,0.015,2.596,Benke et al. 1999,,,,0.18,1,0,0,1,0,1,0
Gerridae_gen._spp.,benthos,Hemiptera,Gerridae,gen.,spp.,6.5,NA,0.015,2.596,Benke et al. 1999,,,,1.332,2,0,0,1,0,1,0
Saldidae_gen._spp.,benthos,Hemiptera,Saldidae,gen.,spp.,2.2,NA,0.003,2.904,Benke et al. 1999,,,,0.217,1,0,0,1,0,1,0
Sisyridae_gen._spp.,benthos,Neuroptera,Sisyridae,gen.,spp.,5,NA,0.004,2.753,Benke et al. 1999,,,,0.623,1,1,0,0,0,0,0
Osmylidae_gen._spp.,benthos,Neuroptera,Osmylidae,gen.,spp.,9,NA,0.004,2.753,Benke et al. 1999,,,,1.257,2,1,1,0,0,0,0
Sialis_spp.,benthos,Megaloptera,Sialidae,Sialis,spp.,9,NA,0.004,2.753,Benke et al. 1999,,,,1.257,2,0,0,0,0,0,0
Parachauliodes_spp.,benthos,Megaloptera,Corydalidae,Parachauliodes,spp.,50,NA,0.004,2.873,Benke et al. 1999,,,,11.98,3,0,0,0,0,1,0
Protohermes_grandis,benthos,Megaloptera,Corydalidae,Protohermes,grandis,50,NA,0.004,2.873,Benke et al. 1999,,,,11.98,3,0,0,0,0,0,0
Rhyacophila RL,benthos,Trichoptera,Rhyacophilidae,Rhyacophila RL,spp.,NA,NA,0.002,3.124,Meyer 1989,,,,NA,2,0,0,0,0,0,0
Rhyacophila_bilobata,benthos,Trichoptera,Rhyacophilidae,Rhyacophila,bilobata,NA,NA,0.002,3.124,Meyer 1989,,,,NA,2,0,0,0,0,0,0
Rhyacophila_brevicephala,benthos,Trichoptera,Rhyacophilidae,Rhyacophila,brevicephala,14,NA,0.002,3.124,Meyer 1989,,,,2.415,2,0,0,0,0,0,0
Rhyacophila_clemens,benthos,Trichoptera,Rhyacophilidae,Rhyacophila,clemens,NA,NA,0.002,3.124,Meyer 1989,,,,NA,2,0,0,0,0,0,0
Rhyacophila_flinti,benthos,Trichoptera,Rhyacophilidae,Rhyacophila,flinti,NA,NA,0.002,3.124,Meyer 1989,,,,NA,2,0,0,0,0,0,0
Rhyacophila_hokkaidensis,benthos,Trichoptera,Rhyacophilidae,Rhyacophila,hokkaidensis,NA,NA,0.002,3.124,Meyer 1989,,,,NA,2,0,0,0,0,0,0
Rhyacophila_impar,benthos,Trichoptera,Rhyacophilidae,Rhyacophila,impar,NA,NA,0.002,3.124,Meyer 1989,,,,NA,2,0,0,0,0,0,0
Rhyacophila_kawamurae,benthos,Trichoptera,Rhyacophilidae,Rhyacophila,kawamurae,10,NA,0.002,3.124,Meyer 1989,,,,1.53,2,0,0,0,0,0,0
Rhyacophila_kisoensis,benthos,Trichoptera,Rhyacophilidae,Rhyacophila,kisoensis,13,NA,0.002,3.124,Meyer 1989,,,,2.184,2,0,0,0,0,0,0
Rhyacophila_kuramana,benthos,Trichoptera,Rhyacophilidae,Rhyacophila,kuramana,NA,NA,0.002,3.124,Meyer 1989,,,,NA,2,0,0,0,0,0,0
Rhyacophila_kuwayamai,benthos,Trichoptera,Rhyacophilidae,Rhyacophila,kuwayamai,NA,NA,0.002,3.124,Meyer 1989,,,,NA,2,0,0,0,0,0,0
Rhyacophila_lezeyi,benthos,Trichoptera,Rhyacophilidae,Rhyacophila,lezeyi,NA,NA,0.002,3.124,Meyer 1989,,,,NA,2,0,0,0,0,0,1
Rhyacophila_nigrocephala,benthos,Trichoptera,Rhyacophilidae,Rhyacophila,nigrocephala,18,NA,0.002,3.124,Meyer 1989,,,,3.396,2,0,0,0,0,0,1
Rhyacophila_nipponica,benthos,Trichoptera,Rhyacophilidae,Rhyacophila,nipponica,NA,NA,0.002,3.124,Meyer 1989,,,,NA,2,0,0,0,0,0,1
Rhyacophila_RC,benthos,Trichoptera,Rhyacophilidae,Rhyacophila,RC,NA,NA,0.002,3.124,Meyer 1989,,,,NA,2,0,0,0,0,0,0
Rhyacophila_retracta,benthos,Trichoptera,Rhyacophilidae,Rhyacophila,retracta,NA,NA,0.002,3.124,Meyer 1989,,,,NA,2,0,0,0,0,0,0
Rhyacophila_shikotsuensis,benthos,Trichoptera,Rhyacophilidae,Rhyacophila,shikotsuensis,NA,NA,0.002,3.124,Meyer 1989,,,,NA,2,0,0,0,0,0,0
Rhyacophila_sp.RK,benthos,Trichoptera,Rhyacophilidae,Rhyacophila,sp.RK,15,NA,0.002,3.124,Meyer 1989,,,,2.652,2,0,0,0,0,0,0
Rhyacophila_towadensis,benthos,Trichoptera,Rhyacophilidae,Rhyacophila,towadensis,NA,NA,0.002,3.124,Meyer 1989,,,,NA,2,0,0,0,0,0,0
Rhyacophila_transquilla,benthos,Trichoptera,Rhyacophilidae,Rhyacophila,transquilla,16,NA,0.002,3.124,Meyer 1989,,,,2.894,2,0,0,0,0,0,0
Rhyacophila_yamanakensis,benthos,Trichoptera,Rhyacophilidae,Rhyacophila,yamanakensis,12,NA,0.002,3.124,Meyer 1989,,,,1.959,2,0,0,0,0,0,0
Rhyacophila_yosiiana,benthos,Trichoptera,Rhyacophilidae,Rhyacophila,yosiiana,NA,NA,0.002,3.124,Meyer 1989,,,,NA,2,0,0,0,0,0,0
Apsilochorema_sutshanum,benthos,Trichoptera,Hydrobiosidae,Apsilochorema,sutshanum,11,NA,0.005,2.222,Towers et al. 2010,,,,1.013,2,0,0,0,0,0,0
Hydroptilidae_gen._spp.,benthos,Trichoptera,Hydroptilidae,gen.,spp.,2,NA,0.012,2.57,Baumgartner & Rothhaupt 2003,,,,0.318,1,0,0,0,0,0,1
Glossosoma_spp.,benthos,Trichoptera,Glossosomatidae,Glossosoma,spp.,8,NA,0.041,2.066,Miyasaka et al. 2008,,,,1.614,2,1,0,0,0,0,0
Agapetus_spp.,benthos,Trichoptera,Glossosomatidae,Agapetus,spp.,3,NA,0.009,2.345,Meyer 1989,,,,0.396,1,1,0,0,0,0,0
Padunia_spp.,benthos,Trichoptera,Glossosomatidae,Padunia,spp.,2.5,NA,0.008,2.958,Benke et al. 1999,,,,0.399,1,0,0,0,0,0,0
Stenopsyche_sauteri,benthos,Trichoptera,Stenopsychidae,Stenopsyche,sauteri,40,NA,0.004,2.875,Benke et al. 1999,,,,9.097,2,0,0,0,0,0,0
Stenopsyche_spp.,benthos,Trichoptera,Stenopsychidae,Stenopsyche,spp.,40,NA,0.004,2.875,Benke et al. 1999,,,,9.097,2,1,0,0,0,0,0
Dolophilodes_spp.,benthos,Trichoptera,Philopotamidae,Dolophilodes,spp.,12,NA,0.004,2.82,Jhonson & Cunjak 1999,,,,1.907,2,0,0,0,0,0,0
Wormaldia_spp.,benthos,Trichoptera,Philopotamidae,Wormaldia,spp.,12,NA,0.004,2.82,Jhonson & Cunjak 1999,,,,1.907,2,0,0,0,0,0,0
Psychomyiidae_gen._spp.,benthos,Trichoptera,Psychomyiidae,gen.,spp.,6,NA,0.004,2.875,Benke et al. 1999,,,,0.852,1,0,0,0,0,0,0
Melanotrichia_spp.,benthos,Trichoptera,Xiphocentonridae,Melanotrichia,spp.,NA,NA,0.004,2.875,NA,,,,NA,1,0,0,0,0,0,0
Dipseudopsidae_gen._spp.,benthos,Trichoptera,Dipseudopsidae,gen.,spp.,30,NA,0.004,2.875,NA,,,,6.352,2,0,0,0,0,0,0
Ecnomus_spp.,benthos,Trichoptera,Ecnomidae,Ecnomus,spp.,12,NA,0.004,2.875,NA,,,,2.023,2,0,0,0,0,0,0
Plectrocnemia_spp.,benthos,Trichoptera,Polycentropodidae,Plectrocnemia,spp.,18,NA,0.005,2.705,Benke et al. 1999,,,,2.988,2,0,0,0,0,0,0
Nyctiophylax_spp.,benthos,Trichoptera,Polycentropodidae,Nyctiophylax,spp.,NA,NA,0.005,2.705,Benke et al. 1999,,,,NA,2,0,0,0,0,0,0
Neureclipsis_spp.,benthos,Trichoptera,Polycentropodidae,Neureclipsis,spp.,NA,NA,0.005,2.705,Benke et al. 1999,,,,NA,2,0,0,0,0,0,0
Arctopsyche_spp.,benthos,Trichoptera,Hydropsychidae,Arctopsyche,spp.,NA,NA,0.005,2.926,Benke et al. 1999,,,,NA,2,0,0,0,0,0,0
Parapsyche_spp.,benthos,Trichoptera,Hydropsychidae,Parapsyche,spp.,NA,NA,0.005,2.926,Benke et al. 1999,,,,NA,2,0,0,0,0,0,0
Diplectrona_spp.,benthos,Trichoptera,Hydropsychidae,Diplectrona,spp.,11,NA,0.005,2.926,Benke et al. 1999,,,,2.109,2,0,0,0,0,0,0
Macrostemum_spp.,benthos,Trichoptera,Hydropsychidae,Macrostemum,spp.,20,NA,0.005,2.926,Benke et al. 1999,,,,4.508,2,0,0,0,0,0,0
Hydropsyche_spp.,benthos,Trichoptera,Hydropsychidae,Hydropsyche,spp.,15,NA,0.004,2.91,Smock 1980,,,,2.786,2,1,0,0,0,0,0
Cheumatopsyche_spp.,benthos,Trichoptera,Hydropsychidae,Cheumatopsyche,spp.,10,NA,0.004,2.67,Smock 1980,,,,1.313,2,1,0,0,0,0,0
Potamyia_spp.,benthos,Trichoptera,Hydropsychidae,Potamyia,spp.,NA,NA,0.005,2.926,Benke et al. 1999,,,,NA,2,0,0,0,0,0,0
Phryganopsyche_spp.,benthos,Trichoptera,Phryganopsychidae,Phryganopsyche,spp.,30,NA,0.005,2.811,Benke et al. 1999,,,,6.367,2,0,0,0,0,0,0
Agrypnia_spp.,benthos,Trichoptera,Phryganeidae,Agrypnia,spp.,NA,NA,0.005,2.811,Benke et al. 1999,,,,NA,2,0,0,0,0,0,0
Oligotricha_spp.,benthos,Trichoptera,Phryganeidae,Oligotricha,spp.,14,NA,0.005,2.811,Benke et al. 1999,,,,2.511,2,0,0,0,0,0,0
Phryganea_japonica,benthos,Trichoptera,Phryganeidae,Phryganea,japonica,35,NA,0.005,2.811,Benke et al. 1999,,,,7.686,2,0,0,0,0,0,0
Semblis_spp.,benthos,Trichoptera,Phryganeidae,Semblis,spp.,NA,NA,0.005,2.811,Benke et al. 1999,,,,NA,2,0,0,0,0,0,0
Eubasilissa_spp.,benthos,Trichoptera,Phryganeidae,Eubasilissa,spp.,25,NA,0.005,2.811,Benke et al. 1999,,,,5.097,2,0,0,0,0,0,0
Brachycentrus_spp.,benthos,Trichoptera,Brachycentridae,Brachycentrus,spp.,NA,NA,0.008,2.818,Benke et al. 1999,,,,NA,2,0,0,0,0,0,0
Micrasema_spp.,benthos,Trichoptera,Brachycentridae,Micrasema,spp.,4,NA,0.019,2.631,Miyasaka et al. 2008,,,,0.872,1,0,0,0,0,0,0
Dolichocetrus_sakura,benthos,Trichoptera,Brachycentridae,Dolichocetrus,sakura,NA,NA,0.008,2.818,Benke et al. 1999,,,,NA,1,0,0,0,0,0,0
Limnocentropus_insolitus,benthos,Trichoptera,Limnocentropodidae,Limnocentropus,insolitus,15,NA,0.019,2.631,Miyasaka et al. 2008,,,,3.947,2,0,0,0,0,0,0
Lepidostoma_spp.,benthos,Trichoptera,Lepidostomatidae,Lepidostoma,spp.,6,NA,0.005,2.84,Smock 1980,,,,0.913,1,0,0,0,0,0,0
Limnephilidae_gen._spp.,benthos,Trichoptera,Limnephilidae,gen.,spp.,13,NA,0.004,2.933,Benke et al. 1999,,,,2.385,2,0,0,1,0,0,0
Apatanidae_gen._spp.,benthos,Trichoptera,Apatanidae,gen.,spp.,9,NA,0.004,2.933,NA,,,,1.493,2,0,0,1,0,0,0
Uenoa_tokunagai,benthos,Trichoptera,Uenoidae,Uenoa,tokunagai,9,NA,0.004,2.933,NA,,,,1.493,2,0,0,0,0,0,0
Neophylax_spp.,benthos,Trichoptera,Uenoidae,Neophylax,spp.,12,NA,0.004,2.933,NA,,,,2.154,2,0,0,1,0,0,0
Goera_spp.,benthos,Trichoptera,Goeridae,Goera,spp.,10,NA,0.025,2.575,Miyasaka et al. 2008,,,,2.646,2,0,0,0,0,0,0
Larcasia_spp.,benthos,Trichoptera,Goeridae,Larcasia,spp.,3.5,NA,0.025,2.575,Miyasaka et al. 2008,,,,0.818,1,0,0,0,0,0,0
Ceraclea_spp.,benthos,Trichoptera,Leptoceridae,Ceraclea,spp.,NA,NA,0.001,4.63,Baumgartner & Rothhaupt 2003,,,,NA,2,0,0,0,0,0,0
Athripsodes_spp.,benthos,Trichoptera,Leptoceridae,Athripsodes,spp.,NA,NA,0.014,2.35,Baumgartner & Rothhaupt 2003,,,,NA,2,0,0,0,0,0,0
Leptocerus_spp.,benthos,Trichoptera,Leptoceridae,Leptocerus,spp.,7,NA,0.003,3.212,Benke et al. 1999,,,,1.211,2,0,0,0,0,0,0
Triaenodes_spp.,benthos,Trichoptera,Leptoceridae,Triaenodes,spp.,10,NA,0.003,3.212,Benke et al. 1999,,,,1.992,2,0,0,0,0,0,0
Oecetis_spp.,benthos,Trichoptera,Leptoceridae,Oecetis,spp.,5,NA,0.003,3.212,Benke et al. 1999,,,,0.757,1,0,0,0,0,0,0
Setodes_spp.,benthos,Trichoptera,Leptoceridae,Setodes,spp.,NA,NA,0.003,3.212,Benke et al. 1999,,,,NA,1,0,0,0,0,0,0
Trichosetodes_spp.,benthos,Trichoptera,Leptoceridae,Trichosetodes,spp.,NA,NA,0.003,3.212,Benke et al. 1999,,,,NA,1,0,0,0,0,0,0
Mystacides_spp.,benthos,Trichoptera,Leptoceridae,Mystacides,spp.,8,NA,0.003,3.212,Benke et al. 1999,,,,1.459,2,0,0,0,0,0,0
Molanna_spp.,benthos,Trichoptera,Molannidae,Molanna,spp.,15,NA,0.003,3.212,Benke et al. 1999,,,,3.507,2,1,0,0,0,0,0
Anisocentropus_spp.,benthos,Trichoptera,Molannidae,Anisocentropus,spp.,14,NA,0.003,3.212,Benke et al. 1999,,,,3.185,2,0,0,0,0,0,0
Ganonema_uchidai,benthos,Trichoptera,Calamoceratidae,Ganonema,uchidai,20,NA,0.003,3.212,Benke et al. 1999,,,,5.238,2,0,0,0,0,0,0
Georgium_japonicum,benthos,Trichoptera,Calamoceratidae,Georgium,japonicum,NA,NA,0.003,3.212,Benke et al. 1999,,,,NA,2,0,0,0,0,0,0
Perissoneura_spp.,benthos,Trichoptera,Odontoceridae,Perissoneura,spp.,25,NA,0.008,2.988,Benke et al. 1999,,,,8.006,2,0,0,0,0,0,0
Psilotreta_kisoensis,benthos,Trichoptera,Odontoceridae,Psilotreta,kisoensis,13,NA,0.008,2.988,Benke et al. 1999,,,,3.427,2,0,0,0,0,0,0
Gumaga_sp.,benthos,Trichoptera,Sericostomatidae,Gumaga,sp.,10,NA,0.051,1.45,Miserendino 2001,,,,1.171,2,0,0,0,0,0,0
Helicopsyche_yamadai,benthos,Trichoptera,Helicopsychidae,Helicopsyche,yamadai,4,NA,0.234,0.245,Towers et al. 2010,,,,0.617,1,0,0,0,0,0,0
Agriotypus_spp.,benthos,Hymenoptera,Ichneumonidae,Agriotypus,spp.,10,NA,0.014,3,Wardhaugh 2013,,,,3.146,2,0,0,0,0,0,0
Elophila_spp.,benthos,Lepidoptera,Crambidae,Elophila,spp.,NA,NA,0.012,2.69,Sabo et al. 2002,,,,NA,2,0,0,0,0,0,0
Parapoynx_spp.,benthos,Lepidoptera,Crambidae,Parapoynx,spp.,NA,NA,0.012,2.69,Sabo et al. 2002,,,,NA,2,0,0,0,0,0,0
Potamomusa_midas,benthos,Lepidoptera,Crambidae,Potamomusa,midas,NA,NA,0.012,2.69,Sabo et al. 2002,,,,NA,2,0,0,0,0,0,0
Haliplidae_gen._spp.,benthos,Coleoptera,Haliplidae,gen.,spp.,2.4,NA,NA,NA,NA,,,,NA,1,0,0,0,0,1,0
Dytiscidae_gen._spp.,benthos,Coleoptera,Dytiscidae,gen.,spp.,1.4,NA,NA,NA,NA,,,,NA,1,0,0,1,0,1,1
Gyrinidae_gen._spp.,benthos,Coleoptera,Gyrinidae,gen.,spp.,3.8,NA,NA,NA,NA,,,,NA,1,0,0,0,0,1,1
Hydraena_spp.,benthos,Coleoptera,Hydraenidae,Hydraena,spp.,1.4,NA,NA,NA,NA,,,,NA,1,NA,0,0,0,1,0
Ochthebius_spp.,benthos,Coleoptera,Hydraenidae,Ochthebius,spp.,1.5,NA,NA,NA,NA,,,,NA,1,NA,0,0,0,1,0
Hydrophilidae_gen._spp.,benthos,Coleoptera,Hydrophilidae,gen.,spp.,2,NA,0.002,2.2,Miserendino 2001,,,,0.13,1,NA,0,0,0,1,1
Scirtidae_gen._spp.,benthos,Coleoptera,Scirtidae,gen.,spp.,1,NA,NA,NA,NA,,,,NA,1,0,0,0,0,1,0
Ptilodactylidae_gen._spp.,benthos,Coleoptera,Ptilodactylidae,gen.,spp.,4,NA,0.001,3.1,Benke et al. 1999,,,,0.322,1,0,0,0,0,1,0
Malacopsephenoides_spp.,benthos,Coleoptera,Psephenidae,Malacopsephenoides,spp.,NA,NA,0.012,2.906,Benke et al. 1999,,,,NA,1,0,0,0,0,1,0
Psephenoides_spp.,benthos,Coleoptera,Psephenidae,Psephenoides,spp.,NA,NA,0.012,2.906,Benke et al. 1999,,,,NA,1,0,0,0,0,1,1
Eubrianax_spp.,benthos,Coleoptera,Psephenidae,Eubrianax,spp.,3.8,NA,0.012,2.906,Benke et al. 1999,,,,0.79,1,0,0,0,0,1,0
Mataeopsephus_spp.,benthos,Coleoptera,Psephenidae,Mataeopsephus,spp.,5.5,NA,0.012,2.906,Benke et al. 1999,,,,1.259,2,0,0,0,0,1,0
Ectopria_spp.,benthos,Coleoptera,Psephenidae,Ectopria,spp.,NA,NA,0.012,2.906,Benke et al. 1999,,,,NA,1,0,0,0,0,1,0
Macroeubria_spp.,benthos,Coleoptera,Psephenidae,Macroeubria,spp.,2.6,NA,0.012,2.906,Benke et al. 1999,,,,0.489,1,0,0,0,0,1,0
Dryopidae_gen._spp.,benthos,Coleoptera,Dryopidae,gen.,spp.,2.6,NA,0.007,2.879,Benke et al. 1999,,,,0.383,1,0,0,0,0,1,0
Elmidae_gen._spp.,benthos,Coleoptera,Elmidae,gen.,spp.,1,NA,0.007,2.879,Benke et al. 1999,,,,0.116,1,0,0,0,0,1,1
Luciola_cruciata,benthos,Coleoptera,Lampyridae,Luciola,cruciata,11.5,NA,0.004,3.111,Benke et al. 1999,,,,2.464,2,0,0,1,0,1,0
Luciola_lateralis,benthos,Coleoptera,Lampyridae,Luciola,lateralis,6,NA,0.004,3.111,Benke et al. 1999,,,,1.023,2,0,0,1,0,1,0
Chrysomelidae_gen._spp.,benthos,Coleoptera,Chrysomelidae,gen.,spp.,4.5,NA,0.004,3.111,Benke et al. 1999,,,,0.694,1,0,0,0,0,1,0
Lissorhoptrus_oryzophilus,benthos,Coleoptera,Curculionidae,Lissorhoptrus,oryzophilus,3,NA,0.004,3.111,Benke et al. 1999,,,,0.401,1,0,0,0,0,1,0
Dicranota_spp.,benthos,Diptera,Pediciidae,Dicranota,spp.,NA,NA,0,4.034,Meyer 1989,,,,NA,1,NA,0,0,0,0,1
Pedicia_spp.,benthos,Diptera,Pediciidae,Pedicia,spp.,NA,NA,0,3.106,Meyer 1989,,,,NA,1,NA,0,0,0,0,0
Hexatoma_spp.,benthos,Diptera,Limoniidae,Hexatoma,spp.,NA,NA,0,3.248,Meyer 1989,,,,NA,1,NA,0,0,0,0,1
Limnophila_spp.,benthos,Diptera,Limoniidae,Limnophila,spp.,NA,NA,0.003,2.681,Benke et al. 1999,,,,NA,1,NA,0,0,0,0,0
Pilaria_spp.,benthos,Diptera,Limoniidae,Pilaria,spp.,NA,NA,0.003,2.681,Benke et al. 1999,,,,NA,1,NA,0,0,0,0,0
Eriocera_spp.,benthos,Diptera,Limoniidae,Eriocera,spp.,NA,NA,0.003,2.681,Benke et al. 1999,,,,NA,1,NA,0,0,0,0,0
Erioptera_spp.,benthos,Diptera,Limoniidae,Erioptera,spp.,NA,NA,0.003,2.681,Benke et al. 1999,,,,NA,1,NA,0,0,0,0,0
Rhabdomastix_spp.,benthos,Diptera,Limoniidae,Rhabdomastix,spp.,NA,NA,0.003,2.681,Benke et al. 1999,,,,NA,1,NA,0,0,0,0,0
Molophilus_spp.,benthos,Diptera,Limoniidae,Molophilus,spp.,NA,NA,0.003,2.681,Benke et al. 1999,,,,NA,1,NA,0,0,0,0,0
Ormosia_spp.,benthos,Diptera,Limoniidae,Ormosia,spp.,NA,NA,0.003,2.681,Benke et al. 1999,,,,NA,1,NA,0,0,0,0,0
Scleroprocta_spp.,benthos,Diptera,Limoniidae,Scleroprocta,spp.,NA,NA,0.003,2.681,Benke et al. 1999,,,,NA,1,NA,0,0,0,0,0
Antocha_spp.,benthos,Diptera,Limoniidae,Antocha,spp.,NA,NA,0.004,2.444,Meyer 1989,,,,NA,1,0,0,0,0,0,0
Dicranomyia_spp.,benthos,Diptera,Limoniidae,Dicranomyia,spp.,NA,NA,0.003,2.681,Benke et al. 1999,,,,NA,1,NA,0,0,0,0,0
Limonia_spp.,benthos,Diptera,Limoniidae,Limonia,spp.,NA,NA,0.003,2.681,Benke et al. 1999,,,,NA,1,NA,0,0,0,0,0
Metalimnoia_spp.,benthos,Diptera,Limoniidae,Metalimnoia,spp.,NA,NA,0.003,2.681,Benke et al. 1999,,,,NA,1,NA,0,0,0,0,0
Tipulidae_gen._spp.,benthos,Diptera,Tiplidae,gen.,spp.,NA,NA,0.003,2.681,Benke et al. 1999,,,,NA,1,0,0,0,0,1,1
Bibiocephala_spp.,benthos,Diptera,Blephariceridae,Bibiocephala,spp.,11,NA,0.007,3.292,Benke et al. 1999,,,,3.573,2,0,0,0,0,0,0
Agathon_spp.,benthos,Diptera,Blephariceridae,Agathon,spp.,4.5,NA,0.007,3.292,Benke et al. 1999,,,,0.995,1,1,0,0,0,0,0
Philorus_spp.,benthos,Diptera,Blephariceridae,Philorus,spp.,5,NA,0.007,3.292,Benke et al. 1999,,,,1.157,2,1,0,0,0,0,0
Blepharicera_spp.,benthos,Diptera,Blephariceridae,Blepharicera,spp.,6.5,NA,0.007,3.292,Benke et al. 1999,,,,1.684,2,1,0,0,0,0,0
Neohapalothrix_spp.,benthos,Diptera,Blephariceridae,Neohapalothrix,spp.,5.2,NA,0.007,3.292,Benke et al. 1999,,,,1.224,2,0,0,0,0,0,0
Psychodidae_gen._spp.,benthos,Diptera,Psychodidae,gen.,spp.,7,NA,0.002,2.617,Benke et al. 1999,,,,0.614,1,1,0,0,0,0,0
Chaoborus_spp.,benthos,Diptera,Chaoboridae,Chaoborus,spp.,15,NA,0.002,2.617,Benke et al. 1999,,,,1.461,2,1,0,0,0,0,0
Ptychopteridae_gen._spp.,benthos,Diptera,Ptychopteridae,gen.,spp.,5,NA,0.003,2.681,Benke et al. 1999,,,,0.523,1,0,0,0,0,0,0
Dixa_spp.,benthos,Diptera,Dixidae,Dixa,spp.,4.5,NA,0.003,2.681,Benke et al. 1999,,,,0.462,1,1,0,0,0,0,0
Culicidae_gen._spp.,benthos,Diptera,Culicidae,gen.,spp.,NA,NA,NA,NA,NA,,,,NA,1,1,0,0,0,1,0
Simuliidae_gen._spp.,benthos,Diptera,Simuliidae,gen.,spp.,NA,NA,0.002,3.011,Benke et al. 1999,,,,NA,1,1,0,0,0,0,0
Chironomidae_gen._spp.,benthos,Diptera,Chironomidae,gen.,spp.,1,NA,0.002,2.617,Benke et al. 1999,,,,0.067,1,1,0,0,0,0,1
Ceratopogonidae_gen._spp.,benthos,Diptera,Ceratopogonidae,gen.,spp.,NA,NA,0.003,2.469,Benke et al. 1999,,,,NA,1,1,0,0,0,0,1
Stratiomyidae_gen._spp.,benthos,Diptera,Stratiomyidae,gen.,spp.,NA,NA,NA,NA,NA,,,,NA,2,0,0,0,0,1,0
Atherix_basilica,benthos,Diptera,Athericidae,Atherix,basilica,20,NA,0.007,2.648,Miyasaka et al. 2008,,,,3.634,2,0,0,0,0,0,0
Atherix_ibis,benthos,Diptera,Athericidae,Atherix,ibis,16,NA,0.007,2.648,Miyasaka et al. 2008,,,,2.811,2,0,0,0,0,0,0
Suragina_satsumana,benthos,Diptera,Athericidae,Suragina,satsumana,18,NA,0.007,2.648,Miyasaka et al. 2008,,,,3.219,2,0,0,0,0,0,0
Asuragina_caerulescens,benthos,Diptera,Athericidae,Asuragina,caerulescens,12,NA,0.007,2.648,Miyasaka et al. 2008,,,,2.019,2,0,0,0,0,0,0
Atrichops_spp.,benthos,Diptera,Athericidae,Atrichops,spp.,8,NA,0.007,2.648,Miyasaka et al. 2008,,,,1.267,2,0,0,0,0,0,0
Tabanidae_gen._spp.,benthos,Diptera,Tabanidae,gen.,spp.,15,NA,0.005,2.591,Benke et al. 1999,,,,2.109,2,0,0,0,0,0,0
Empididae_gen._spp.,benthos,Diptera,Empididae,gen.,spp.,3,NA,0.005,2.591,Benke et al. 1999,,,,0.345,1,1,NA,NA,NA,0,1
Dolichopodidae_gen._spp.,benthos,Diptera,Dolichopodidae,gen.,spp.,6.6,NA,0.005,2.591,Benke et al. 1999,,,,0.837,1,NA,NA,NA,NA,0,0
Ephydridae_gen._spp.,benthos,Diptera,Ephydridae,gen.,spp.,NA,NA,NA,NA,NA,,,,NA,1,NA,NA,NA,NA,1,0
Sciomyzidae_gen._spp.,benthos,Diptera,Sciomyzidae,gen.,spp.,2.5,NA,0.003,2.681,Benke et al. 1999,,,,0.233,1,1,0,0,0,0,0
Canacidae_gen._spp.,benthos,Diptera,Canacidae,gen.,spp.,NA,NA,NA,NA,NA,,,,NA,1,NA,NA,NA,NA,1,0